location;checkout;dairy;drinks;fruit;spices
dairy;0.3930326992947211;0.0;0.22248343663175893;0.18935670014960462;0.19512716392391535
drinks;0.5372599231754162;0.02714468629961588;0.0;0.21895006402048656;0.21664532650448143
entrance;0.0;0.2875755540631296;0.15352585627938214;0.3774345198119543;0.18146406984553393
fruit;0.5001952362358454;0.23799297149550958;0.13607965638422492;0.0;0.12573213588442014
spices;0.25199786893979753;0.3231220031965903;0.27277570591369205;0.15210442194992008;0.0
